,Title,Upload_Date,Duration,Views
0,Dune - Designing the Sandworm by Warner Bros,2 days ago,"5 minutes, 39 seconds","34,617 views"
1,DC - The World Needs Heroes by Warner Bros,3 days ago,"1 minute, 1 second","733,231 views"
2,Friendship After The Fallout | The Fallout | HBO Max by Warner Bros,13 days ago,"2 minutes, 20 seconds","50,832 views"
3,The Batman – Funeral Scene – In Theaters March 4 by Warner Bros,2 weeks ago,"2 minutes, 52 seconds","11,449,274 views"
4,The Voice Behind The Fallout | The Fallout | HBO Max by Warner Bros,2 weeks ago,"1 minute, 33 seconds","36,587 views"
5,The Fallout | Official Trailer | Watch on HBO Max January 27 by Warner Bros,3 weeks ago,"2 minutes, 44 seconds","344,283 views"
6,KIMI - Official Trailer | Watch on HBO Max 2/10 by Warner Bros,1 month ago,"2 minutes, 25 seconds","315,264 views"
7,THE BATMAN - The Bat and The Cat Trailer by Warner Bros,1 month ago,"2 minutes, 47 seconds","25,206,585 views"
8,The Matrix Resurrections – U,,,S
9,The Matrix Resurrections – U,,,S
10,"THE MATRIX RESURRECTIONS - ""Back To Life"" by Warner Bros",1 month ago,31 seconds,"260,697 views"
11,Fantastic Beasts: The Secrets of Dumbledore – Official Trailer by Warner Bros,2 months ago,"2 minutes, 38 seconds","17,239,604 views"
12,Fantastic Beasts: The Secrets of Dumbledore – Official Trailer Monday by Warner Bros,2 months ago,"2 minutes, 18 seconds","2,500,954 views"
13,The Matrix Resurrections - The Game Awards Clip by Warner Bros,2 months ago,"1 minute, 11 seconds","1,126,229 views"
14,The Matrix Resurrections – Official Trailer 2 by Warner Bros,2 months ago,"2 minutes, 50 seconds","15,069,117 views"
15,The Matrix Resurrections – Déjà Vu by Warner Bros,2 months ago,"1 minute, 1 second","2,650,983 views"
16,DC LEAGUE OF SUPER-PETS – Official Trailer by Warner Bros,2 months ago,"2 minutes, 45 seconds","21,071,939 views"
17,King Richard – “American Dreams” by Warner Bros,3 months ago,"4 minutes, 51 seconds","59,773 views"
18,KING RICHARD – Venus & Serena Williams Set Visit by Warner Bros,3 months ago,"3 minutes, 45 seconds","305,158 views"
19,8-BIT CHRISTMAS – Official Trailer by Warner Bros,3 months ago,"2 minutes, 50 seconds","715,591 views"
20,Annabelle in Quarantine Part 2 by Warner Bros,3 months ago,"1 minute, 59 seconds","176,970 views"
21,"KING RICHARD – Official ""Be Alive"" Trailer by Warner Bros",3 months ago,"2 minutes, 47 seconds","4,468,806 views"
22,The Batman – TV Spot by Warner Bros,3 months ago,"1 minute, 1 second","953,881 views"
23,DC FanDome 2021 by Warner Bros,Streamed 3 months,"ago 3 hours, 46 minutes","809,585 views"
24,THE BATMAN – Main Trailer by Warner Bros,3 months ago,"2 minutes, 39 seconds","40,382,585 views"
25,DC FanDome | Talent Ensemble by Warner Bros,3 months ago,45 seconds,"60,020 views"
26,The Matrix | Legacy Featurette by Warner Bros,4 months ago,"4 minutes, 10 seconds","200,916 views"
27,DUNE – FINAL TRAILER by Warner Bros,4 months ago,"2 minutes, 29 seconds","4,122,979 views"
28,DC FanDome | Teaser Trailer 2 by Warner Bros,4 months ago,"1 minute, 1 second","323,244 views"
29,DC FanDome | Talent and Host Announce by Warner Bros,4 months ago,36 seconds,"41,159 views"
0,Dune - Designing the Sandworm by Warner Bros,2 days ago,"5 minutes, 39 seconds","34,617 views"
1,DC - The World Needs Heroes by Warner Bros,3 days ago,"1 minute, 1 second","733,231 views"
2,Friendship After The Fallout | The Fallout | HBO Max by Warner Bros,13 days ago,"2 minutes, 20 seconds","50,832 views"
3,The Batman – Funeral Scene – In Theaters March 4 by Warner Bros,2 weeks ago,"2 minutes, 52 seconds","11,449,274 views"
4,The Voice Behind The Fallout | The Fallout | HBO Max by Warner Bros,2 weeks ago,"1 minute, 33 seconds","36,587 views"
5,The Fallout | Official Trailer | Watch on HBO Max January 27 by Warner Bros,3 weeks ago,"2 minutes, 44 seconds","344,283 views"
6,KIMI - Official Trailer | Watch on HBO Max 2/10 by Warner Bros,1 month ago,"2 minutes, 25 seconds","315,264 views"
7,THE BATMAN - The Bat and The Cat Trailer by Warner Bros,1 month ago,"2 minutes, 47 seconds","25,206,585 views"
8,The Matrix Resurrections – U,,,S
9,The Matrix Resurrections – U,,,S
10,"THE MATRIX RESURRECTIONS - ""Back To Life"" by Warner Bros",1 month ago,31 seconds,"260,697 views"
11,Fantastic Beasts: The Secrets of Dumbledore – Official Trailer by Warner Bros,2 months ago,"2 minutes, 38 seconds","17,239,604 views"
12,Fantastic Beasts: The Secrets of Dumbledore – Official Trailer Monday by Warner Bros,2 months ago,"2 minutes, 18 seconds","2,500,954 views"
13,The Matrix Resurrections - The Game Awards Clip by Warner Bros,2 months ago,"1 minute, 11 seconds","1,126,229 views"
14,The Matrix Resurrections – Official Trailer 2 by Warner Bros,2 months ago,"2 minutes, 50 seconds","15,069,117 views"
15,The Matrix Resurrections – Déjà Vu by Warner Bros,2 months ago,"1 minute, 1 second","2,650,983 views"
16,DC LEAGUE OF SUPER-PETS – Official Trailer by Warner Bros,2 months ago,"2 minutes, 45 seconds","21,071,939 views"
17,King Richard – “American Dreams” by Warner Bros,3 months ago,"4 minutes, 51 seconds","59,773 views"
18,KING RICHARD – Venus & Serena Williams Set Visit by Warner Bros,3 months ago,"3 minutes, 45 seconds","305,158 views"
19,8-BIT CHRISTMAS – Official Trailer by Warner Bros,3 months ago,"2 minutes, 50 seconds","715,591 views"
20,Annabelle in Quarantine Part 2 by Warner Bros,3 months ago,"1 minute, 59 seconds","176,970 views"
21,"KING RICHARD – Official ""Be Alive"" Trailer by Warner Bros",3 months ago,"2 minutes, 47 seconds","4,468,806 views"
22,The Batman – TV Spot by Warner Bros,3 months ago,"1 minute, 1 second","953,881 views"
23,DC FanDome 2021 by Warner Bros,Streamed 3 months,"ago 3 hours, 46 minutes","809,585 views"
24,THE BATMAN – Main Trailer by Warner Bros,3 months ago,"2 minutes, 39 seconds","40,382,585 views"
25,DC FanDome | Talent Ensemble by Warner Bros,3 months ago,45 seconds,"60,020 views"
26,The Matrix | Legacy Featurette by Warner Bros,4 months ago,"4 minutes, 10 seconds","200,916 views"
27,DUNE – FINAL TRAILER by Warner Bros,4 months ago,"2 minutes, 29 seconds","4,122,979 views"
28,DC FanDome | Teaser Trailer 2 by Warner Bros,4 months ago,"1 minute, 1 second","323,244 views"
29,DC FanDome | Talent and Host Announce by Warner Bros,4 months ago,36 seconds,"41,159 views"
0,Dune - Designing the Sandworm by Warner Bros,2 days ago,"5 minutes, 39 seconds","34,617 views"
1,DC - The World Needs Heroes by Warner Bros,3 days ago,"1 minute, 1 second","733,231 views"
2,Friendship After The Fallout | The Fallout | HBO Max by Warner Bros,13 days ago,"2 minutes, 20 seconds","50,832 views"
3,The Batman – Funeral Scene – In Theaters March 4 by Warner Bros,2 weeks ago,"2 minutes, 52 seconds","11,449,274 views"
4,The Voice Behind The Fallout | The Fallout | HBO Max by Warner Bros,2 weeks ago,"1 minute, 33 seconds","36,587 views"
5,The Fallout | Official Trailer | Watch on HBO Max January 27 by Warner Bros,3 weeks ago,"2 minutes, 44 seconds","344,283 views"
6,KIMI - Official Trailer | Watch on HBO Max 2/10 by Warner Bros,1 month ago,"2 minutes, 25 seconds","315,264 views"
7,THE BATMAN - The Bat and The Cat Trailer by Warner Bros,1 month ago,"2 minutes, 47 seconds","25,206,585 views"
8,The Matrix Resurrections – U,,,S
9,The Matrix Resurrections – U,,,S
10,"THE MATRIX RESURRECTIONS - ""Back To Life"" by Warner Bros",1 month ago,31 seconds,"260,697 views"
11,Fantastic Beasts: The Secrets of Dumbledore – Official Trailer by Warner Bros,2 months ago,"2 minutes, 38 seconds","17,239,604 views"
12,Fantastic Beasts: The Secrets of Dumbledore – Official Trailer Monday by Warner Bros,2 months ago,"2 minutes, 18 seconds","2,500,954 views"
13,The Matrix Resurrections - The Game Awards Clip by Warner Bros,2 months ago,"1 minute, 11 seconds","1,126,229 views"
14,The Matrix Resurrections – Official Trailer 2 by Warner Bros,2 months ago,"2 minutes, 50 seconds","15,069,117 views"
15,The Matrix Resurrections – Déjà Vu by Warner Bros,2 months ago,"1 minute, 1 second","2,650,983 views"
16,DC LEAGUE OF SUPER-PETS – Official Trailer by Warner Bros,2 months ago,"2 minutes, 45 seconds","21,071,939 views"
17,King Richard – “American Dreams” by Warner Bros,3 months ago,"4 minutes, 51 seconds","59,773 views"
18,KING RICHARD – Venus & Serena Williams Set Visit by Warner Bros,3 months ago,"3 minutes, 45 seconds","305,158 views"
19,8-BIT CHRISTMAS – Official Trailer by Warner Bros,3 months ago,"2 minutes, 50 seconds","715,591 views"
20,Annabelle in Quarantine Part 2 by Warner Bros,3 months ago,"1 minute, 59 seconds","176,970 views"
21,"KING RICHARD – Official ""Be Alive"" Trailer by Warner Bros",3 months ago,"2 minutes, 47 seconds","4,468,806 views"
22,The Batman – TV Spot by Warner Bros,3 months ago,"1 minute, 1 second","953,881 views"
23,DC FanDome 2021 by Warner Bros,Streamed 3 months,"ago 3 hours, 46 minutes","809,585 views"
24,THE BATMAN – Main Trailer by Warner Bros,3 months ago,"2 minutes, 39 seconds","40,382,585 views"
25,DC FanDome | Talent Ensemble by Warner Bros,3 months ago,45 seconds,"60,020 views"
26,The Matrix | Legacy Featurette by Warner Bros,4 months ago,"4 minutes, 10 seconds","200,916 views"
27,DUNE – FINAL TRAILER by Warner Bros,4 months ago,"2 minutes, 29 seconds","4,122,979 views"
28,DC FanDome | Teaser Trailer 2 by Warner Bros,4 months ago,"1 minute, 1 second","323,244 views"
29,DC FanDome | Talent and Host Announce by Warner Bros,4 months ago,36 seconds,"41,159 views"
0,Dune - Designing the Sandworm by Warner Bros,2 days ago,"5 minutes, 39 seconds","34,617 views"
1,DC - The World Needs Heroes by Warner Bros,3 days ago,"1 minute, 1 second","733,231 views"
2,Friendship After The Fallout | The Fallout | HBO Max by Warner Bros,13 days ago,"2 minutes, 20 seconds","50,832 views"
3,The Batman – Funeral Scene – In Theaters March 4 by Warner Bros,2 weeks ago,"2 minutes, 52 seconds","11,449,274 views"
4,The Voice Behind The Fallout | The Fallout | HBO Max by Warner Bros,2 weeks ago,"1 minute, 33 seconds","36,587 views"
5,The Fallout | Official Trailer | Watch on HBO Max January 27 by Warner Bros,3 weeks ago,"2 minutes, 44 seconds","344,283 views"
6,KIMI - Official Trailer | Watch on HBO Max 2/10 by Warner Bros,1 month ago,"2 minutes, 25 seconds","315,264 views"
7,THE BATMAN - The Bat and The Cat Trailer by Warner Bros,1 month ago,"2 minutes, 47 seconds","25,206,585 views"
8,The Matrix Resurrections – U,,,S
9,The Matrix Resurrections – U,,,S
10,"THE MATRIX RESURRECTIONS - ""Back To Life"" by Warner Bros",1 month ago,31 seconds,"260,697 views"
11,Fantastic Beasts: The Secrets of Dumbledore – Official Trailer by Warner Bros,2 months ago,"2 minutes, 38 seconds","17,239,604 views"
12,Fantastic Beasts: The Secrets of Dumbledore – Official Trailer Monday by Warner Bros,2 months ago,"2 minutes, 18 seconds","2,500,954 views"
13,The Matrix Resurrections - The Game Awards Clip by Warner Bros,2 months ago,"1 minute, 11 seconds","1,126,229 views"
14,The Matrix Resurrections – Official Trailer 2 by Warner Bros,2 months ago,"2 minutes, 50 seconds","15,069,117 views"
15,The Matrix Resurrections – Déjà Vu by Warner Bros,2 months ago,"1 minute, 1 second","2,650,983 views"
16,DC LEAGUE OF SUPER-PETS – Official Trailer by Warner Bros,2 months ago,"2 minutes, 45 seconds","21,071,939 views"
17,King Richard – “American Dreams” by Warner Bros,3 months ago,"4 minutes, 51 seconds","59,773 views"
18,KING RICHARD – Venus & Serena Williams Set Visit by Warner Bros,3 months ago,"3 minutes, 45 seconds","305,158 views"
19,8-BIT CHRISTMAS – Official Trailer by Warner Bros,3 months ago,"2 minutes, 50 seconds","715,591 views"
20,Annabelle in Quarantine Part 2 by Warner Bros,3 months ago,"1 minute, 59 seconds","176,970 views"
21,"KING RICHARD – Official ""Be Alive"" Trailer by Warner Bros",3 months ago,"2 minutes, 47 seconds","4,468,806 views"
22,The Batman – TV Spot by Warner Bros,3 months ago,"1 minute, 1 second","953,881 views"
23,DC FanDome 2021 by Warner Bros,Streamed 3 months,"ago 3 hours, 46 minutes","809,585 views"
24,THE BATMAN – Main Trailer by Warner Bros,3 months ago,"2 minutes, 39 seconds","40,382,585 views"
25,DC FanDome | Talent Ensemble by Warner Bros,3 months ago,45 seconds,"60,020 views"
26,The Matrix | Legacy Featurette by Warner Bros,4 months ago,"4 minutes, 10 seconds","200,916 views"
27,DUNE – FINAL TRAILER by Warner Bros,4 months ago,"2 minutes, 29 seconds","4,122,979 views"
28,DC FanDome | Teaser Trailer 2 by Warner Bros,4 months ago,"1 minute, 1 second","323,244 views"
29,DC FanDome | Talent and Host Announce by Warner Bros,4 months ago,36 seconds,"41,159 views"
0,Dune - Designing the Sandworm by Warner Bros,2 days ago,"5 minutes, 39 seconds","34,617 views"
1,DC - The World Needs Heroes by Warner Bros,3 days ago,"1 minute, 1 second","733,231 views"
2,Friendship After The Fallout | The Fallout | HBO Max by Warner Bros,13 days ago,"2 minutes, 20 seconds","50,832 views"
3,The Batman – Funeral Scene – In Theaters March 4 by Warner Bros,2 weeks ago,"2 minutes, 52 seconds","11,449,274 views"
4,The Voice Behind The Fallout | The Fallout | HBO Max by Warner Bros,2 weeks ago,"1 minute, 33 seconds","36,587 views"
5,The Fallout | Official Trailer | Watch on HBO Max January 27 by Warner Bros,3 weeks ago,"2 minutes, 44 seconds","344,283 views"
6,KIMI - Official Trailer | Watch on HBO Max 2/10 by Warner Bros,1 month ago,"2 minutes, 25 seconds","315,264 views"
7,THE BATMAN - The Bat and The Cat Trailer by Warner Bros,1 month ago,"2 minutes, 47 seconds","25,206,585 views"
8,The Matrix Resurrections – U,,,S
9,The Matrix Resurrections – U,,,S
10,"THE MATRIX RESURRECTIONS - ""Back To Life"" by Warner Bros",1 month ago,31 seconds,"260,697 views"
11,Fantastic Beasts: The Secrets of Dumbledore – Official Trailer by Warner Bros,2 months ago,"2 minutes, 38 seconds","17,239,604 views"
12,Fantastic Beasts: The Secrets of Dumbledore – Official Trailer Monday by Warner Bros,2 months ago,"2 minutes, 18 seconds","2,500,954 views"
13,The Matrix Resurrections - The Game Awards Clip by Warner Bros,2 months ago,"1 minute, 11 seconds","1,126,229 views"
14,The Matrix Resurrections – Official Trailer 2 by Warner Bros,2 months ago,"2 minutes, 50 seconds","15,069,117 views"
15,The Matrix Resurrections – Déjà Vu by Warner Bros,2 months ago,"1 minute, 1 second","2,650,983 views"
16,DC LEAGUE OF SUPER-PETS – Official Trailer by Warner Bros,2 months ago,"2 minutes, 45 seconds","21,071,939 views"
17,King Richard – “American Dreams” by Warner Bros,3 months ago,"4 minutes, 51 seconds","59,773 views"
18,KING RICHARD – Venus & Serena Williams Set Visit by Warner Bros,3 months ago,"3 minutes, 45 seconds","305,158 views"
19,8-BIT CHRISTMAS – Official Trailer by Warner Bros,3 months ago,"2 minutes, 50 seconds","715,591 views"
20,Annabelle in Quarantine Part 2 by Warner Bros,3 months ago,"1 minute, 59 seconds","176,970 views"
21,"KING RICHARD – Official ""Be Alive"" Trailer by Warner Bros",3 months ago,"2 minutes, 47 seconds","4,468,806 views"
22,The Batman – TV Spot by Warner Bros,3 months ago,"1 minute, 1 second","953,881 views"
23,DC FanDome 2021 by Warner Bros,Streamed 3 months,"ago 3 hours, 46 minutes","809,585 views"
24,THE BATMAN – Main Trailer by Warner Bros,3 months ago,"2 minutes, 39 seconds","40,382,585 views"
25,DC FanDome | Talent Ensemble by Warner Bros,3 months ago,45 seconds,"60,020 views"
26,The Matrix | Legacy Featurette by Warner Bros,4 months ago,"4 minutes, 10 seconds","200,916 views"
27,DUNE – FINAL TRAILER by Warner Bros,4 months ago,"2 minutes, 29 seconds","4,122,979 views"
28,DC FanDome | Teaser Trailer 2 by Warner Bros,4 months ago,"1 minute, 1 second","323,244 views"
29,DC FanDome | Talent and Host Announce by Warner Bros,4 months ago,36 seconds,"41,159 views"
0,Dune - Designing the Sandworm by Warner Bros,2 days ago,"5 minutes, 39 seconds","34,617 views"
1,DC - The World Needs Heroes by Warner Bros,3 days ago,"1 minute, 1 second","733,231 views"
2,Friendship After The Fallout | The Fallout | HBO Max by Warner Bros,13 days ago,"2 minutes, 20 seconds","50,832 views"
3,The Batman – Funeral Scene – In Theaters March 4 by Warner Bros,2 weeks ago,"2 minutes, 52 seconds","11,449,274 views"
4,The Voice Behind The Fallout | The Fallout | HBO Max by Warner Bros,2 weeks ago,"1 minute, 33 seconds","36,587 views"
5,The Fallout | Official Trailer | Watch on HBO Max January 27 by Warner Bros,3 weeks ago,"2 minutes, 44 seconds","344,283 views"
6,KIMI - Official Trailer | Watch on HBO Max 2/10 by Warner Bros,1 month ago,"2 minutes, 25 seconds","315,264 views"
7,THE BATMAN - The Bat and The Cat Trailer by Warner Bros,1 month ago,"2 minutes, 47 seconds","25,206,585 views"
8,The Matrix Resurrections – U,,,S
9,The Matrix Resurrections – U,,,S
10,"THE MATRIX RESURRECTIONS - ""Back To Life"" by Warner Bros",1 month ago,31 seconds,"260,697 views"
11,Fantastic Beasts: The Secrets of Dumbledore – Official Trailer by Warner Bros,2 months ago,"2 minutes, 38 seconds","17,239,604 views"
12,Fantastic Beasts: The Secrets of Dumbledore – Official Trailer Monday by Warner Bros,2 months ago,"2 minutes, 18 seconds","2,500,954 views"
13,The Matrix Resurrections - The Game Awards Clip by Warner Bros,2 months ago,"1 minute, 11 seconds","1,126,229 views"
14,The Matrix Resurrections – Official Trailer 2 by Warner Bros,2 months ago,"2 minutes, 50 seconds","15,069,117 views"
15,The Matrix Resurrections – Déjà Vu by Warner Bros,2 months ago,"1 minute, 1 second","2,650,983 views"
16,DC LEAGUE OF SUPER-PETS – Official Trailer by Warner Bros,2 months ago,"2 minutes, 45 seconds","21,071,939 views"
17,King Richard – “American Dreams” by Warner Bros,3 months ago,"4 minutes, 51 seconds","59,773 views"
18,KING RICHARD – Venus & Serena Williams Set Visit by Warner Bros,3 months ago,"3 minutes, 45 seconds","305,158 views"
19,8-BIT CHRISTMAS – Official Trailer by Warner Bros,3 months ago,"2 minutes, 50 seconds","715,591 views"
20,Annabelle in Quarantine Part 2 by Warner Bros,3 months ago,"1 minute, 59 seconds","176,970 views"
21,"KING RICHARD – Official ""Be Alive"" Trailer by Warner Bros",3 months ago,"2 minutes, 47 seconds","4,468,806 views"
22,The Batman – TV Spot by Warner Bros,3 months ago,"1 minute, 1 second","953,881 views"
23,DC FanDome 2021 by Warner Bros,Streamed 3 months,"ago 3 hours, 46 minutes","809,585 views"
24,THE BATMAN – Main Trailer by Warner Bros,3 months ago,"2 minutes, 39 seconds","40,382,585 views"
25,DC FanDome | Talent Ensemble by Warner Bros,3 months ago,45 seconds,"60,020 views"
26,The Matrix | Legacy Featurette by Warner Bros,4 months ago,"4 minutes, 10 seconds","200,916 views"
27,DUNE – FINAL TRAILER by Warner Bros,4 months ago,"2 minutes, 29 seconds","4,122,979 views"
28,DC FanDome | Teaser Trailer 2 by Warner Bros,4 months ago,"1 minute, 1 second","323,244 views"
29,DC FanDome | Talent and Host Announce by Warner Bros,4 months ago,36 seconds,"41,159 views"
0,Dune - Designing the Sandworm by Warner Bros,2 days ago,"5 minutes, 39 seconds","34,617 views"
1,DC - The World Needs Heroes by Warner Bros,3 days ago,"1 minute, 1 second","733,231 views"
2,Friendship After The Fallout | The Fallout | HBO Max by Warner Bros,13 days ago,"2 minutes, 20 seconds","50,832 views"
3,The Batman – Funeral Scene – In Theaters March 4 by Warner Bros,2 weeks ago,"2 minutes, 52 seconds","11,449,274 views"
4,The Voice Behind The Fallout | The Fallout | HBO Max by Warner Bros,2 weeks ago,"1 minute, 33 seconds","36,587 views"
5,The Fallout | Official Trailer | Watch on HBO Max January 27 by Warner Bros,3 weeks ago,"2 minutes, 44 seconds","344,283 views"
6,KIMI - Official Trailer | Watch on HBO Max 2/10 by Warner Bros,1 month ago,"2 minutes, 25 seconds","315,264 views"
7,THE BATMAN - The Bat and The Cat Trailer by Warner Bros,1 month ago,"2 minutes, 47 seconds","25,206,585 views"
8,The Matrix Resurrections – U,,,S
9,The Matrix Resurrections – U,,,S
10,"THE MATRIX RESURRECTIONS - ""Back To Life"" by Warner Bros",1 month ago,31 seconds,"260,697 views"
11,Fantastic Beasts: The Secrets of Dumbledore – Official Trailer by Warner Bros,2 months ago,"2 minutes, 38 seconds","17,239,604 views"
12,Fantastic Beasts: The Secrets of Dumbledore – Official Trailer Monday by Warner Bros,2 months ago,"2 minutes, 18 seconds","2,500,954 views"
13,The Matrix Resurrections - The Game Awards Clip by Warner Bros,2 months ago,"1 minute, 11 seconds","1,126,229 views"
14,The Matrix Resurrections – Official Trailer 2 by Warner Bros,2 months ago,"2 minutes, 50 seconds","15,069,117 views"
15,The Matrix Resurrections – Déjà Vu by Warner Bros,2 months ago,"1 minute, 1 second","2,650,983 views"
16,DC LEAGUE OF SUPER-PETS – Official Trailer by Warner Bros,2 months ago,"2 minutes, 45 seconds","21,071,939 views"
17,King Richard – “American Dreams” by Warner Bros,3 months ago,"4 minutes, 51 seconds","59,773 views"
18,KING RICHARD – Venus & Serena Williams Set Visit by Warner Bros,3 months ago,"3 minutes, 45 seconds","305,158 views"
19,8-BIT CHRISTMAS – Official Trailer by Warner Bros,3 months ago,"2 minutes, 50 seconds","715,591 views"
20,Annabelle in Quarantine Part 2 by Warner Bros,3 months ago,"1 minute, 59 seconds","176,970 views"
21,"KING RICHARD – Official ""Be Alive"" Trailer by Warner Bros",3 months ago,"2 minutes, 47 seconds","4,468,806 views"
22,The Batman – TV Spot by Warner Bros,3 months ago,"1 minute, 1 second","953,881 views"
23,DC FanDome 2021 by Warner Bros,Streamed 3 months,"ago 3 hours, 46 minutes","809,585 views"
24,THE BATMAN – Main Trailer by Warner Bros,3 months ago,"2 minutes, 39 seconds","40,382,585 views"
25,DC FanDome | Talent Ensemble by Warner Bros,3 months ago,45 seconds,"60,020 views"
26,The Matrix | Legacy Featurette by Warner Bros,4 months ago,"4 minutes, 10 seconds","200,916 views"
27,DUNE – FINAL TRAILER by Warner Bros,4 months ago,"2 minutes, 29 seconds","4,122,979 views"
28,DC FanDome | Teaser Trailer 2 by Warner Bros,4 months ago,"1 minute, 1 second","323,244 views"
29,DC FanDome | Talent and Host Announce by Warner Bros,4 months ago,36 seconds,"41,159 views"
0,Dune - Designing the Sandworm by Warner Bros,2 days ago,"5 minutes, 39 seconds","34,617 views"
1,DC - The World Needs Heroes by Warner Bros,3 days ago,"1 minute, 1 second","733,231 views"
2,Friendship After The Fallout | The Fallout | HBO Max by Warner Bros,13 days ago,"2 minutes, 20 seconds","50,832 views"
3,The Batman – Funeral Scene – In Theaters March 4 by Warner Bros,2 weeks ago,"2 minutes, 52 seconds","11,449,274 views"
4,The Voice Behind The Fallout | The Fallout | HBO Max by Warner Bros,2 weeks ago,"1 minute, 33 seconds","36,587 views"
5,The Fallout | Official Trailer | Watch on HBO Max January 27 by Warner Bros,3 weeks ago,"2 minutes, 44 seconds","344,283 views"
6,KIMI - Official Trailer | Watch on HBO Max 2/10 by Warner Bros,1 month ago,"2 minutes, 25 seconds","315,264 views"
7,THE BATMAN - The Bat and The Cat Trailer by Warner Bros,1 month ago,"2 minutes, 47 seconds","25,206,585 views"
8,The Matrix Resurrections – U,,,S
9,The Matrix Resurrections – U,,,S
10,"THE MATRIX RESURRECTIONS - ""Back To Life"" by Warner Bros",1 month ago,31 seconds,"260,697 views"
11,Fantastic Beasts: The Secrets of Dumbledore – Official Trailer by Warner Bros,2 months ago,"2 minutes, 38 seconds","17,239,604 views"
12,Fantastic Beasts: The Secrets of Dumbledore – Official Trailer Monday by Warner Bros,2 months ago,"2 minutes, 18 seconds","2,500,954 views"
13,The Matrix Resurrections - The Game Awards Clip by Warner Bros,2 months ago,"1 minute, 11 seconds","1,126,229 views"
14,The Matrix Resurrections – Official Trailer 2 by Warner Bros,2 months ago,"2 minutes, 50 seconds","15,069,117 views"
15,The Matrix Resurrections – Déjà Vu by Warner Bros,2 months ago,"1 minute, 1 second","2,650,983 views"
16,DC LEAGUE OF SUPER-PETS – Official Trailer by Warner Bros,2 months ago,"2 minutes, 45 seconds","21,071,939 views"
17,King Richard – “American Dreams” by Warner Bros,3 months ago,"4 minutes, 51 seconds","59,773 views"
18,KING RICHARD – Venus & Serena Williams Set Visit by Warner Bros,3 months ago,"3 minutes, 45 seconds","305,158 views"
19,8-BIT CHRISTMAS – Official Trailer by Warner Bros,3 months ago,"2 minutes, 50 seconds","715,591 views"
20,Annabelle in Quarantine Part 2 by Warner Bros,3 months ago,"1 minute, 59 seconds","176,970 views"
21,"KING RICHARD – Official ""Be Alive"" Trailer by Warner Bros",3 months ago,"2 minutes, 47 seconds","4,468,806 views"
22,The Batman – TV Spot by Warner Bros,3 months ago,"1 minute, 1 second","953,881 views"
23,DC FanDome 2021 by Warner Bros,Streamed 3 months,"ago 3 hours, 46 minutes","809,585 views"
24,THE BATMAN – Main Trailer by Warner Bros,3 months ago,"2 minutes, 39 seconds","40,382,585 views"
25,DC FanDome | Talent Ensemble by Warner Bros,3 months ago,45 seconds,"60,020 views"
26,The Matrix | Legacy Featurette by Warner Bros,4 months ago,"4 minutes, 10 seconds","200,916 views"
27,DUNE – FINAL TRAILER by Warner Bros,4 months ago,"2 minutes, 29 seconds","4,122,979 views"
28,DC FanDome | Teaser Trailer 2 by Warner Bros,4 months ago,"1 minute, 1 second","323,244 views"
29,DC FanDome | Talent and Host Announce by Warner Bros,4 months ago,36 seconds,"41,159 views"
0,Dune - Designing the Sandworm by Warner Bros,2 days ago,"5 minutes, 39 seconds","34,617 views"
1,DC - The World Needs Heroes by Warner Bros,3 days ago,"1 minute, 1 second","733,231 views"
2,Friendship After The Fallout | The Fallout | HBO Max by Warner Bros,13 days ago,"2 minutes, 20 seconds","50,832 views"
3,The Batman – Funeral Scene – In Theaters March 4 by Warner Bros,2 weeks ago,"2 minutes, 52 seconds","11,449,274 views"
4,The Voice Behind The Fallout | The Fallout | HBO Max by Warner Bros,2 weeks ago,"1 minute, 33 seconds","36,587 views"
5,The Fallout | Official Trailer | Watch on HBO Max January 27 by Warner Bros,3 weeks ago,"2 minutes, 44 seconds","344,283 views"
6,KIMI - Official Trailer | Watch on HBO Max 2/10 by Warner Bros,1 month ago,"2 minutes, 25 seconds","315,264 views"
7,THE BATMAN - The Bat and The Cat Trailer by Warner Bros,1 month ago,"2 minutes, 47 seconds","25,206,585 views"
8,The Matrix Resurrections – U,,,S
9,The Matrix Resurrections – U,,,S
10,"THE MATRIX RESURRECTIONS - ""Back To Life"" by Warner Bros",1 month ago,31 seconds,"260,697 views"
11,Fantastic Beasts: The Secrets of Dumbledore – Official Trailer by Warner Bros,2 months ago,"2 minutes, 38 seconds","17,239,604 views"
12,Fantastic Beasts: The Secrets of Dumbledore – Official Trailer Monday by Warner Bros,2 months ago,"2 minutes, 18 seconds","2,500,954 views"
13,The Matrix Resurrections - The Game Awards Clip by Warner Bros,2 months ago,"1 minute, 11 seconds","1,126,229 views"
14,The Matrix Resurrections – Official Trailer 2 by Warner Bros,2 months ago,"2 minutes, 50 seconds","15,069,117 views"
15,The Matrix Resurrections – Déjà Vu by Warner Bros,2 months ago,"1 minute, 1 second","2,650,983 views"
16,DC LEAGUE OF SUPER-PETS – Official Trailer by Warner Bros,2 months ago,"2 minutes, 45 seconds","21,071,939 views"
17,King Richard – “American Dreams” by Warner Bros,3 months ago,"4 minutes, 51 seconds","59,773 views"
18,KING RICHARD – Venus & Serena Williams Set Visit by Warner Bros,3 months ago,"3 minutes, 45 seconds","305,158 views"
19,8-BIT CHRISTMAS – Official Trailer by Warner Bros,3 months ago,"2 minutes, 50 seconds","715,591 views"
20,Annabelle in Quarantine Part 2 by Warner Bros,3 months ago,"1 minute, 59 seconds","176,970 views"
21,"KING RICHARD – Official ""Be Alive"" Trailer by Warner Bros",3 months ago,"2 minutes, 47 seconds","4,468,806 views"
22,The Batman – TV Spot by Warner Bros,3 months ago,"1 minute, 1 second","953,881 views"
23,DC FanDome 2021 by Warner Bros,Streamed 3 months,"ago 3 hours, 46 minutes","809,585 views"
24,THE BATMAN – Main Trailer by Warner Bros,3 months ago,"2 minutes, 39 seconds","40,382,585 views"
25,DC FanDome | Talent Ensemble by Warner Bros,3 months ago,45 seconds,"60,020 views"
26,The Matrix | Legacy Featurette by Warner Bros,4 months ago,"4 minutes, 10 seconds","200,916 views"
27,DUNE – FINAL TRAILER by Warner Bros,4 months ago,"2 minutes, 29 seconds","4,122,979 views"
28,DC FanDome | Teaser Trailer 2 by Warner Bros,4 months ago,"1 minute, 1 second","323,244 views"
29,DC FanDome | Talent and Host Announce by Warner Bros,4 months ago,36 seconds,"41,159 views"
0,Dune - Designing the Sandworm by Warner Bros,2 days ago,"5 minutes, 39 seconds","34,617 views"
1,DC - The World Needs Heroes by Warner Bros,3 days ago,"1 minute, 1 second","733,231 views"
2,Friendship After The Fallout | The Fallout | HBO Max by Warner Bros,13 days ago,"2 minutes, 20 seconds","50,832 views"
3,The Batman – Funeral Scene – In Theaters March 4 by Warner Bros,2 weeks ago,"2 minutes, 52 seconds","11,449,274 views"
4,The Voice Behind The Fallout | The Fallout | HBO Max by Warner Bros,2 weeks ago,"1 minute, 33 seconds","36,587 views"
5,The Fallout | Official Trailer | Watch on HBO Max January 27 by Warner Bros,3 weeks ago,"2 minutes, 44 seconds","344,283 views"
6,KIMI - Official Trailer | Watch on HBO Max 2/10 by Warner Bros,1 month ago,"2 minutes, 25 seconds","315,264 views"
7,THE BATMAN - The Bat and The Cat Trailer by Warner Bros,1 month ago,"2 minutes, 47 seconds","25,206,585 views"
8,The Matrix Resurrections – U,,,S
9,The Matrix Resurrections – U,,,S
10,"THE MATRIX RESURRECTIONS - ""Back To Life"" by Warner Bros",1 month ago,31 seconds,"260,697 views"
11,Fantastic Beasts: The Secrets of Dumbledore – Official Trailer by Warner Bros,2 months ago,"2 minutes, 38 seconds","17,239,604 views"
12,Fantastic Beasts: The Secrets of Dumbledore – Official Trailer Monday by Warner Bros,2 months ago,"2 minutes, 18 seconds","2,500,954 views"
13,The Matrix Resurrections - The Game Awards Clip by Warner Bros,2 months ago,"1 minute, 11 seconds","1,126,229 views"
14,The Matrix Resurrections – Official Trailer 2 by Warner Bros,2 months ago,"2 minutes, 50 seconds","15,069,117 views"
15,The Matrix Resurrections – Déjà Vu by Warner Bros,2 months ago,"1 minute, 1 second","2,650,983 views"
16,DC LEAGUE OF SUPER-PETS – Official Trailer by Warner Bros,2 months ago,"2 minutes, 45 seconds","21,071,939 views"
17,King Richard – “American Dreams” by Warner Bros,3 months ago,"4 minutes, 51 seconds","59,773 views"
18,KING RICHARD – Venus & Serena Williams Set Visit by Warner Bros,3 months ago,"3 minutes, 45 seconds","305,158 views"
19,8-BIT CHRISTMAS – Official Trailer by Warner Bros,3 months ago,"2 minutes, 50 seconds","715,591 views"
20,Annabelle in Quarantine Part 2 by Warner Bros,3 months ago,"1 minute, 59 seconds","176,970 views"
21,"KING RICHARD – Official ""Be Alive"" Trailer by Warner Bros",3 months ago,"2 minutes, 47 seconds","4,468,806 views"
22,The Batman – TV Spot by Warner Bros,3 months ago,"1 minute, 1 second","953,881 views"
23,DC FanDome 2021 by Warner Bros,Streamed 3 months,"ago 3 hours, 46 minutes","809,585 views"
24,THE BATMAN – Main Trailer by Warner Bros,3 months ago,"2 minutes, 39 seconds","40,382,585 views"
25,DC FanDome | Talent Ensemble by Warner Bros,3 months ago,45 seconds,"60,020 views"
26,The Matrix | Legacy Featurette by Warner Bros,4 months ago,"4 minutes, 10 seconds","200,916 views"
27,DUNE – FINAL TRAILER by Warner Bros,4 months ago,"2 minutes, 29 seconds","4,122,979 views"
28,DC FanDome | Teaser Trailer 2 by Warner Bros,4 months ago,"1 minute, 1 second","323,244 views"
29,DC FanDome | Talent and Host Announce by Warner Bros,4 months ago,36 seconds,"41,159 views"
0,Dune - Designing the Sandworm by Warner Bros,2 days ago,"5 minutes, 39 seconds","34,617 views"
1,DC - The World Needs Heroes by Warner Bros,3 days ago,"1 minute, 1 second","733,231 views"
2,Friendship After The Fallout | The Fallout | HBO Max by Warner Bros,13 days ago,"2 minutes, 20 seconds","50,832 views"
3,The Batman – Funeral Scene – In Theaters March 4 by Warner Bros,2 weeks ago,"2 minutes, 52 seconds","11,449,274 views"
4,The Voice Behind The Fallout | The Fallout | HBO Max by Warner Bros,2 weeks ago,"1 minute, 33 seconds","36,587 views"
5,The Fallout | Official Trailer | Watch on HBO Max January 27 by Warner Bros,3 weeks ago,"2 minutes, 44 seconds","344,283 views"
6,KIMI - Official Trailer | Watch on HBO Max 2/10 by Warner Bros,1 month ago,"2 minutes, 25 seconds","315,264 views"
7,THE BATMAN - The Bat and The Cat Trailer by Warner Bros,1 month ago,"2 minutes, 47 seconds","25,206,585 views"
8,The Matrix Resurrections – U,,,S
9,The Matrix Resurrections – U,,,S
10,"THE MATRIX RESURRECTIONS - ""Back To Life"" by Warner Bros",1 month ago,31 seconds,"260,697 views"
11,Fantastic Beasts: The Secrets of Dumbledore – Official Trailer by Warner Bros,2 months ago,"2 minutes, 38 seconds","17,239,604 views"
12,Fantastic Beasts: The Secrets of Dumbledore – Official Trailer Monday by Warner Bros,2 months ago,"2 minutes, 18 seconds","2,500,954 views"
13,The Matrix Resurrections - The Game Awards Clip by Warner Bros,2 months ago,"1 minute, 11 seconds","1,126,229 views"
14,The Matrix Resurrections – Official Trailer 2 by Warner Bros,2 months ago,"2 minutes, 50 seconds","15,069,117 views"
15,The Matrix Resurrections – Déjà Vu by Warner Bros,2 months ago,"1 minute, 1 second","2,650,983 views"
16,DC LEAGUE OF SUPER-PETS – Official Trailer by Warner Bros,2 months ago,"2 minutes, 45 seconds","21,071,939 views"
17,King Richard – “American Dreams” by Warner Bros,3 months ago,"4 minutes, 51 seconds","59,773 views"
18,KING RICHARD – Venus & Serena Williams Set Visit by Warner Bros,3 months ago,"3 minutes, 45 seconds","305,158 views"
19,8-BIT CHRISTMAS – Official Trailer by Warner Bros,3 months ago,"2 minutes, 50 seconds","715,591 views"
20,Annabelle in Quarantine Part 2 by Warner Bros,3 months ago,"1 minute, 59 seconds","176,970 views"
21,"KING RICHARD – Official ""Be Alive"" Trailer by Warner Bros",3 months ago,"2 minutes, 47 seconds","4,468,806 views"
22,The Batman – TV Spot by Warner Bros,3 months ago,"1 minute, 1 second","953,881 views"
23,DC FanDome 2021 by Warner Bros,Streamed 3 months,"ago 3 hours, 46 minutes","809,585 views"
24,THE BATMAN – Main Trailer by Warner Bros,3 months ago,"2 minutes, 39 seconds","40,382,585 views"
25,DC FanDome | Talent Ensemble by Warner Bros,3 months ago,45 seconds,"60,020 views"
26,The Matrix | Legacy Featurette by Warner Bros,4 months ago,"4 minutes, 10 seconds","200,916 views"
27,DUNE – FINAL TRAILER by Warner Bros,4 months ago,"2 minutes, 29 seconds","4,122,979 views"
28,DC FanDome | Teaser Trailer 2 by Warner Bros,4 months ago,"1 minute, 1 second","323,244 views"
29,DC FanDome | Talent and Host Announce by Warner Bros,4 months ago,36 seconds,"41,159 views"
0,Dune - Designing the Sandworm by Warner Bros,2 days ago,"5 minutes, 39 seconds","34,617 views"
1,DC - The World Needs Heroes by Warner Bros,3 days ago,"1 minute, 1 second","733,231 views"
2,Friendship After The Fallout | The Fallout | HBO Max by Warner Bros,13 days ago,"2 minutes, 20 seconds","50,832 views"
3,The Batman – Funeral Scene – In Theaters March 4 by Warner Bros,2 weeks ago,"2 minutes, 52 seconds","11,449,274 views"
4,The Voice Behind The Fallout | The Fallout | HBO Max by Warner Bros,2 weeks ago,"1 minute, 33 seconds","36,587 views"
5,The Fallout | Official Trailer | Watch on HBO Max January 27 by Warner Bros,3 weeks ago,"2 minutes, 44 seconds","344,283 views"
6,KIMI - Official Trailer | Watch on HBO Max 2/10 by Warner Bros,1 month ago,"2 minutes, 25 seconds","315,264 views"
7,THE BATMAN - The Bat and The Cat Trailer by Warner Bros,1 month ago,"2 minutes, 47 seconds","25,206,585 views"
8,The Matrix Resurrections – U,,,S
9,The Matrix Resurrections – U,,,S
10,"THE MATRIX RESURRECTIONS - ""Back To Life"" by Warner Bros",1 month ago,31 seconds,"260,697 views"
11,Fantastic Beasts: The Secrets of Dumbledore – Official Trailer by Warner Bros,2 months ago,"2 minutes, 38 seconds","17,239,604 views"
12,Fantastic Beasts: The Secrets of Dumbledore – Official Trailer Monday by Warner Bros,2 months ago,"2 minutes, 18 seconds","2,500,954 views"
13,The Matrix Resurrections - The Game Awards Clip by Warner Bros,2 months ago,"1 minute, 11 seconds","1,126,229 views"
14,The Matrix Resurrections – Official Trailer 2 by Warner Bros,2 months ago,"2 minutes, 50 seconds","15,069,117 views"
15,The Matrix Resurrections – Déjà Vu by Warner Bros,2 months ago,"1 minute, 1 second","2,650,983 views"
16,DC LEAGUE OF SUPER-PETS – Official Trailer by Warner Bros,2 months ago,"2 minutes, 45 seconds","21,071,939 views"
17,King Richard – “American Dreams” by Warner Bros,3 months ago,"4 minutes, 51 seconds","59,773 views"
18,KING RICHARD – Venus & Serena Williams Set Visit by Warner Bros,3 months ago,"3 minutes, 45 seconds","305,158 views"
19,8-BIT CHRISTMAS – Official Trailer by Warner Bros,3 months ago,"2 minutes, 50 seconds","715,591 views"
20,Annabelle in Quarantine Part 2 by Warner Bros,3 months ago,"1 minute, 59 seconds","176,970 views"
21,"KING RICHARD – Official ""Be Alive"" Trailer by Warner Bros",3 months ago,"2 minutes, 47 seconds","4,468,806 views"
22,The Batman – TV Spot by Warner Bros,3 months ago,"1 minute, 1 second","953,881 views"
23,DC FanDome 2021 by Warner Bros,Streamed 3 months,"ago 3 hours, 46 minutes","809,585 views"
24,THE BATMAN – Main Trailer by Warner Bros,3 months ago,"2 minutes, 39 seconds","40,382,585 views"
25,DC FanDome | Talent Ensemble by Warner Bros,3 months ago,45 seconds,"60,020 views"
26,The Matrix | Legacy Featurette by Warner Bros,4 months ago,"4 minutes, 10 seconds","200,916 views"
27,DUNE – FINAL TRAILER by Warner Bros,4 months ago,"2 minutes, 29 seconds","4,122,979 views"
28,DC FanDome | Teaser Trailer 2 by Warner Bros,4 months ago,"1 minute, 1 second","323,244 views"
29,DC FanDome | Talent and Host Announce by Warner Bros,4 months ago,36 seconds,"41,159 views"
0,Dune - Designing the Sandworm by Warner Bros,2 days ago,"5 minutes, 39 seconds","34,617 views"
1,DC - The World Needs Heroes by Warner Bros,3 days ago,"1 minute, 1 second","733,231 views"
2,Friendship After The Fallout | The Fallout | HBO Max by Warner Bros,13 days ago,"2 minutes, 20 seconds","50,832 views"
3,The Batman – Funeral Scene – In Theaters March 4 by Warner Bros,2 weeks ago,"2 minutes, 52 seconds","11,449,274 views"
4,The Voice Behind The Fallout | The Fallout | HBO Max by Warner Bros,2 weeks ago,"1 minute, 33 seconds","36,587 views"
5,The Fallout | Official Trailer | Watch on HBO Max January 27 by Warner Bros,3 weeks ago,"2 minutes, 44 seconds","344,283 views"
6,KIMI - Official Trailer | Watch on HBO Max 2/10 by Warner Bros,1 month ago,"2 minutes, 25 seconds","315,264 views"
7,THE BATMAN - The Bat and The Cat Trailer by Warner Bros,1 month ago,"2 minutes, 47 seconds","25,206,585 views"
8,The Matrix Resurrections – U,,,S
9,The Matrix Resurrections – U,,,S
10,"THE MATRIX RESURRECTIONS - ""Back To Life"" by Warner Bros",1 month ago,31 seconds,"260,697 views"
11,Fantastic Beasts: The Secrets of Dumbledore – Official Trailer by Warner Bros,2 months ago,"2 minutes, 38 seconds","17,239,604 views"
12,Fantastic Beasts: The Secrets of Dumbledore – Official Trailer Monday by Warner Bros,2 months ago,"2 minutes, 18 seconds","2,500,954 views"
13,The Matrix Resurrections - The Game Awards Clip by Warner Bros,2 months ago,"1 minute, 11 seconds","1,126,229 views"
14,The Matrix Resurrections – Official Trailer 2 by Warner Bros,2 months ago,"2 minutes, 50 seconds","15,069,117 views"
15,The Matrix Resurrections – Déjà Vu by Warner Bros,2 months ago,"1 minute, 1 second","2,650,983 views"
16,DC LEAGUE OF SUPER-PETS – Official Trailer by Warner Bros,2 months ago,"2 minutes, 45 seconds","21,071,939 views"
17,King Richard – “American Dreams” by Warner Bros,3 months ago,"4 minutes, 51 seconds","59,773 views"
18,KING RICHARD – Venus & Serena Williams Set Visit by Warner Bros,3 months ago,"3 minutes, 45 seconds","305,158 views"
19,8-BIT CHRISTMAS – Official Trailer by Warner Bros,3 months ago,"2 minutes, 50 seconds","715,591 views"
20,Annabelle in Quarantine Part 2 by Warner Bros,3 months ago,"1 minute, 59 seconds","176,970 views"
21,"KING RICHARD – Official ""Be Alive"" Trailer by Warner Bros",3 months ago,"2 minutes, 47 seconds","4,468,806 views"
22,The Batman – TV Spot by Warner Bros,3 months ago,"1 minute, 1 second","953,881 views"
23,DC FanDome 2021 by Warner Bros,Streamed 3 months,"ago 3 hours, 46 minutes","809,585 views"
24,THE BATMAN – Main Trailer by Warner Bros,3 months ago,"2 minutes, 39 seconds","40,382,585 views"
25,DC FanDome | Talent Ensemble by Warner Bros,3 months ago,45 seconds,"60,020 views"
26,The Matrix | Legacy Featurette by Warner Bros,4 months ago,"4 minutes, 10 seconds","200,916 views"
27,DUNE – FINAL TRAILER by Warner Bros,4 months ago,"2 minutes, 29 seconds","4,122,979 views"
28,DC FanDome | Teaser Trailer 2 by Warner Bros,4 months ago,"1 minute, 1 second","323,244 views"
29,DC FanDome | Talent and Host Announce by Warner Bros,4 months ago,36 seconds,"41,159 views"
0,Dune - Designing the Sandworm by Warner Bros,2 days ago,"5 minutes, 39 seconds","34,617 views"
1,DC - The World Needs Heroes by Warner Bros,3 days ago,"1 minute, 1 second","733,231 views"
2,Friendship After The Fallout | The Fallout | HBO Max by Warner Bros,13 days ago,"2 minutes, 20 seconds","50,832 views"
3,The Batman – Funeral Scene – In Theaters March 4 by Warner Bros,2 weeks ago,"2 minutes, 52 seconds","11,449,274 views"
4,The Voice Behind The Fallout | The Fallout | HBO Max by Warner Bros,2 weeks ago,"1 minute, 33 seconds","36,587 views"
5,The Fallout | Official Trailer | Watch on HBO Max January 27 by Warner Bros,3 weeks ago,"2 minutes, 44 seconds","344,283 views"
6,KIMI - Official Trailer | Watch on HBO Max 2/10 by Warner Bros,1 month ago,"2 minutes, 25 seconds","315,264 views"
7,THE BATMAN - The Bat and The Cat Trailer by Warner Bros,1 month ago,"2 minutes, 47 seconds","25,206,585 views"
8,The Matrix Resurrections – U,,,S
9,The Matrix Resurrections – U,,,S
10,"THE MATRIX RESURRECTIONS - ""Back To Life"" by Warner Bros",1 month ago,31 seconds,"260,697 views"
11,Fantastic Beasts: The Secrets of Dumbledore – Official Trailer by Warner Bros,2 months ago,"2 minutes, 38 seconds","17,239,604 views"
12,Fantastic Beasts: The Secrets of Dumbledore – Official Trailer Monday by Warner Bros,2 months ago,"2 minutes, 18 seconds","2,500,954 views"
13,The Matrix Resurrections - The Game Awards Clip by Warner Bros,2 months ago,"1 minute, 11 seconds","1,126,229 views"
14,The Matrix Resurrections – Official Trailer 2 by Warner Bros,2 months ago,"2 minutes, 50 seconds","15,069,117 views"
15,The Matrix Resurrections – Déjà Vu by Warner Bros,2 months ago,"1 minute, 1 second","2,650,983 views"
16,DC LEAGUE OF SUPER-PETS – Official Trailer by Warner Bros,2 months ago,"2 minutes, 45 seconds","21,071,939 views"
17,King Richard – “American Dreams” by Warner Bros,3 months ago,"4 minutes, 51 seconds","59,773 views"
18,KING RICHARD – Venus & Serena Williams Set Visit by Warner Bros,3 months ago,"3 minutes, 45 seconds","305,158 views"
19,8-BIT CHRISTMAS – Official Trailer by Warner Bros,3 months ago,"2 minutes, 50 seconds","715,591 views"
20,Annabelle in Quarantine Part 2 by Warner Bros,3 months ago,"1 minute, 59 seconds","176,970 views"
21,"KING RICHARD – Official ""Be Alive"" Trailer by Warner Bros",3 months ago,"2 minutes, 47 seconds","4,468,806 views"
22,The Batman – TV Spot by Warner Bros,3 months ago,"1 minute, 1 second","953,881 views"
23,DC FanDome 2021 by Warner Bros,Streamed 3 months,"ago 3 hours, 46 minutes","809,585 views"
24,THE BATMAN – Main Trailer by Warner Bros,3 months ago,"2 minutes, 39 seconds","40,382,585 views"
25,DC FanDome | Talent Ensemble by Warner Bros,3 months ago,45 seconds,"60,020 views"
26,The Matrix | Legacy Featurette by Warner Bros,4 months ago,"4 minutes, 10 seconds","200,916 views"
27,DUNE – FINAL TRAILER by Warner Bros,4 months ago,"2 minutes, 29 seconds","4,122,979 views"
28,DC FanDome | Teaser Trailer 2 by Warner Bros,4 months ago,"1 minute, 1 second","323,244 views"
29,DC FanDome | Talent and Host Announce by Warner Bros,4 months ago,36 seconds,"41,159 views"
0,Dune - Designing the Sandworm by Warner Bros,2 days ago,"5 minutes, 39 seconds","34,617 views"
1,DC - The World Needs Heroes by Warner Bros,3 days ago,"1 minute, 1 second","733,231 views"
2,Friendship After The Fallout | The Fallout | HBO Max by Warner Bros,13 days ago,"2 minutes, 20 seconds","50,832 views"
3,The Batman – Funeral Scene – In Theaters March 4 by Warner Bros,2 weeks ago,"2 minutes, 52 seconds","11,449,274 views"
4,The Voice Behind The Fallout | The Fallout | HBO Max by Warner Bros,2 weeks ago,"1 minute, 33 seconds","36,587 views"
5,The Fallout | Official Trailer | Watch on HBO Max January 27 by Warner Bros,3 weeks ago,"2 minutes, 44 seconds","344,283 views"
6,KIMI - Official Trailer | Watch on HBO Max 2/10 by Warner Bros,1 month ago,"2 minutes, 25 seconds","315,264 views"
7,THE BATMAN - The Bat and The Cat Trailer by Warner Bros,1 month ago,"2 minutes, 47 seconds","25,206,585 views"
8,The Matrix Resurrections – U,,,S
9,The Matrix Resurrections – U,,,S
10,"THE MATRIX RESURRECTIONS - ""Back To Life"" by Warner Bros",1 month ago,31 seconds,"260,697 views"
11,Fantastic Beasts: The Secrets of Dumbledore – Official Trailer by Warner Bros,2 months ago,"2 minutes, 38 seconds","17,239,604 views"
12,Fantastic Beasts: The Secrets of Dumbledore – Official Trailer Monday by Warner Bros,2 months ago,"2 minutes, 18 seconds","2,500,954 views"
13,The Matrix Resurrections - The Game Awards Clip by Warner Bros,2 months ago,"1 minute, 11 seconds","1,126,229 views"
14,The Matrix Resurrections – Official Trailer 2 by Warner Bros,2 months ago,"2 minutes, 50 seconds","15,069,117 views"
15,The Matrix Resurrections – Déjà Vu by Warner Bros,2 months ago,"1 minute, 1 second","2,650,983 views"
16,DC LEAGUE OF SUPER-PETS – Official Trailer by Warner Bros,2 months ago,"2 minutes, 45 seconds","21,071,939 views"
17,King Richard – “American Dreams” by Warner Bros,3 months ago,"4 minutes, 51 seconds","59,773 views"
18,KING RICHARD – Venus & Serena Williams Set Visit by Warner Bros,3 months ago,"3 minutes, 45 seconds","305,158 views"
19,8-BIT CHRISTMAS – Official Trailer by Warner Bros,3 months ago,"2 minutes, 50 seconds","715,591 views"
20,Annabelle in Quarantine Part 2 by Warner Bros,3 months ago,"1 minute, 59 seconds","176,970 views"
21,"KING RICHARD – Official ""Be Alive"" Trailer by Warner Bros",3 months ago,"2 minutes, 47 seconds","4,468,806 views"
22,The Batman – TV Spot by Warner Bros,3 months ago,"1 minute, 1 second","953,881 views"
23,DC FanDome 2021 by Warner Bros,Streamed 3 months,"ago 3 hours, 46 minutes","809,585 views"
24,THE BATMAN – Main Trailer by Warner Bros,3 months ago,"2 minutes, 39 seconds","40,382,585 views"
25,DC FanDome | Talent Ensemble by Warner Bros,3 months ago,45 seconds,"60,020 views"
26,The Matrix | Legacy Featurette by Warner Bros,4 months ago,"4 minutes, 10 seconds","200,916 views"
27,DUNE – FINAL TRAILER by Warner Bros,4 months ago,"2 minutes, 29 seconds","4,122,979 views"
28,DC FanDome | Teaser Trailer 2 by Warner Bros,4 months ago,"1 minute, 1 second","323,244 views"
29,DC FanDome | Talent and Host Announce by Warner Bros,4 months ago,36 seconds,"41,159 views"
0,Dune - Designing the Sandworm by Warner Bros,2 days ago,"5 minutes, 39 seconds","34,617 views"
1,DC - The World Needs Heroes by Warner Bros,3 days ago,"1 minute, 1 second","733,231 views"
2,Friendship After The Fallout | The Fallout | HBO Max by Warner Bros,13 days ago,"2 minutes, 20 seconds","50,832 views"
3,The Batman – Funeral Scene – In Theaters March 4 by Warner Bros,2 weeks ago,"2 minutes, 52 seconds","11,449,274 views"
4,The Voice Behind The Fallout | The Fallout | HBO Max by Warner Bros,2 weeks ago,"1 minute, 33 seconds","36,587 views"
5,The Fallout | Official Trailer | Watch on HBO Max January 27 by Warner Bros,3 weeks ago,"2 minutes, 44 seconds","344,283 views"
6,KIMI - Official Trailer | Watch on HBO Max 2/10 by Warner Bros,1 month ago,"2 minutes, 25 seconds","315,264 views"
7,THE BATMAN - The Bat and The Cat Trailer by Warner Bros,1 month ago,"2 minutes, 47 seconds","25,206,585 views"
8,The Matrix Resurrections – U,,,S
9,The Matrix Resurrections – U,,,S
10,"THE MATRIX RESURRECTIONS - ""Back To Life"" by Warner Bros",1 month ago,31 seconds,"260,697 views"
11,Fantastic Beasts: The Secrets of Dumbledore – Official Trailer by Warner Bros,2 months ago,"2 minutes, 38 seconds","17,239,604 views"
12,Fantastic Beasts: The Secrets of Dumbledore – Official Trailer Monday by Warner Bros,2 months ago,"2 minutes, 18 seconds","2,500,954 views"
13,The Matrix Resurrections - The Game Awards Clip by Warner Bros,2 months ago,"1 minute, 11 seconds","1,126,229 views"
14,The Matrix Resurrections – Official Trailer 2 by Warner Bros,2 months ago,"2 minutes, 50 seconds","15,069,117 views"
15,The Matrix Resurrections – Déjà Vu by Warner Bros,2 months ago,"1 minute, 1 second","2,650,983 views"
16,DC LEAGUE OF SUPER-PETS – Official Trailer by Warner Bros,2 months ago,"2 minutes, 45 seconds","21,071,939 views"
17,King Richard – “American Dreams” by Warner Bros,3 months ago,"4 minutes, 51 seconds","59,773 views"
18,KING RICHARD – Venus & Serena Williams Set Visit by Warner Bros,3 months ago,"3 minutes, 45 seconds","305,158 views"
19,8-BIT CHRISTMAS – Official Trailer by Warner Bros,3 months ago,"2 minutes, 50 seconds","715,591 views"
20,Annabelle in Quarantine Part 2 by Warner Bros,3 months ago,"1 minute, 59 seconds","176,970 views"
21,"KING RICHARD – Official ""Be Alive"" Trailer by Warner Bros",3 months ago,"2 minutes, 47 seconds","4,468,806 views"
22,The Batman – TV Spot by Warner Bros,3 months ago,"1 minute, 1 second","953,881 views"
23,DC FanDome 2021 by Warner Bros,Streamed 3 months,"ago 3 hours, 46 minutes","809,585 views"
24,THE BATMAN – Main Trailer by Warner Bros,3 months ago,"2 minutes, 39 seconds","40,382,585 views"
25,DC FanDome | Talent Ensemble by Warner Bros,3 months ago,45 seconds,"60,020 views"
26,The Matrix | Legacy Featurette by Warner Bros,4 months ago,"4 minutes, 10 seconds","200,916 views"
27,DUNE – FINAL TRAILER by Warner Bros,4 months ago,"2 minutes, 29 seconds","4,122,979 views"
28,DC FanDome | Teaser Trailer 2 by Warner Bros,4 months ago,"1 minute, 1 second","323,244 views"
29,DC FanDome | Talent and Host Announce by Warner Bros,4 months ago,36 seconds,"41,159 views"
0,Dune - Designing the Sandworm by Warner Bros,2 days ago,"5 minutes, 39 seconds","34,617 views"
1,DC - The World Needs Heroes by Warner Bros,3 days ago,"1 minute, 1 second","733,231 views"
2,Friendship After The Fallout | The Fallout | HBO Max by Warner Bros,13 days ago,"2 minutes, 20 seconds","50,832 views"
3,The Batman – Funeral Scene – In Theaters March 4 by Warner Bros,2 weeks ago,"2 minutes, 52 seconds","11,449,274 views"
4,The Voice Behind The Fallout | The Fallout | HBO Max by Warner Bros,2 weeks ago,"1 minute, 33 seconds","36,587 views"
5,The Fallout | Official Trailer | Watch on HBO Max January 27 by Warner Bros,3 weeks ago,"2 minutes, 44 seconds","344,283 views"
6,KIMI - Official Trailer | Watch on HBO Max 2/10 by Warner Bros,1 month ago,"2 minutes, 25 seconds","315,264 views"
7,THE BATMAN - The Bat and The Cat Trailer by Warner Bros,1 month ago,"2 minutes, 47 seconds","25,206,585 views"
8,The Matrix Resurrections – U,,,S
9,The Matrix Resurrections – U,,,S
10,"THE MATRIX RESURRECTIONS - ""Back To Life"" by Warner Bros",1 month ago,31 seconds,"260,697 views"
11,Fantastic Beasts: The Secrets of Dumbledore – Official Trailer by Warner Bros,2 months ago,"2 minutes, 38 seconds","17,239,604 views"
12,Fantastic Beasts: The Secrets of Dumbledore – Official Trailer Monday by Warner Bros,2 months ago,"2 minutes, 18 seconds","2,500,954 views"
13,The Matrix Resurrections - The Game Awards Clip by Warner Bros,2 months ago,"1 minute, 11 seconds","1,126,229 views"
14,The Matrix Resurrections – Official Trailer 2 by Warner Bros,2 months ago,"2 minutes, 50 seconds","15,069,117 views"
15,The Matrix Resurrections – Déjà Vu by Warner Bros,2 months ago,"1 minute, 1 second","2,650,983 views"
16,DC LEAGUE OF SUPER-PETS – Official Trailer by Warner Bros,2 months ago,"2 minutes, 45 seconds","21,071,939 views"
17,King Richard – “American Dreams” by Warner Bros,3 months ago,"4 minutes, 51 seconds","59,773 views"
18,KING RICHARD – Venus & Serena Williams Set Visit by Warner Bros,3 months ago,"3 minutes, 45 seconds","305,158 views"
19,8-BIT CHRISTMAS – Official Trailer by Warner Bros,3 months ago,"2 minutes, 50 seconds","715,591 views"
20,Annabelle in Quarantine Part 2 by Warner Bros,3 months ago,"1 minute, 59 seconds","176,970 views"
21,"KING RICHARD – Official ""Be Alive"" Trailer by Warner Bros",3 months ago,"2 minutes, 47 seconds","4,468,806 views"
22,The Batman – TV Spot by Warner Bros,3 months ago,"1 minute, 1 second","953,881 views"
23,DC FanDome 2021 by Warner Bros,Streamed 3 months,"ago 3 hours, 46 minutes","809,585 views"
24,THE BATMAN – Main Trailer by Warner Bros,3 months ago,"2 minutes, 39 seconds","40,382,585 views"
25,DC FanDome | Talent Ensemble by Warner Bros,3 months ago,45 seconds,"60,020 views"
26,The Matrix | Legacy Featurette by Warner Bros,4 months ago,"4 minutes, 10 seconds","200,916 views"
27,DUNE – FINAL TRAILER by Warner Bros,4 months ago,"2 minutes, 29 seconds","4,122,979 views"
28,DC FanDome | Teaser Trailer 2 by Warner Bros,4 months ago,"1 minute, 1 second","323,244 views"
29,DC FanDome | Talent and Host Announce by Warner Bros,4 months ago,36 seconds,"41,159 views"
0,Dune - Designing the Sandworm by Warner Bros,2 days ago,"5 minutes, 39 seconds","34,617 views"
1,DC - The World Needs Heroes by Warner Bros,3 days ago,"1 minute, 1 second","733,231 views"
2,Friendship After The Fallout | The Fallout | HBO Max by Warner Bros,13 days ago,"2 minutes, 20 seconds","50,832 views"
3,The Batman – Funeral Scene – In Theaters March 4 by Warner Bros,2 weeks ago,"2 minutes, 52 seconds","11,449,274 views"
4,The Voice Behind The Fallout | The Fallout | HBO Max by Warner Bros,2 weeks ago,"1 minute, 33 seconds","36,587 views"
5,The Fallout | Official Trailer | Watch on HBO Max January 27 by Warner Bros,3 weeks ago,"2 minutes, 44 seconds","344,283 views"
6,KIMI - Official Trailer | Watch on HBO Max 2/10 by Warner Bros,1 month ago,"2 minutes, 25 seconds","315,264 views"
7,THE BATMAN - The Bat and The Cat Trailer by Warner Bros,1 month ago,"2 minutes, 47 seconds","25,206,585 views"
8,The Matrix Resurrections – U,,,S
9,The Matrix Resurrections – U,,,S
10,"THE MATRIX RESURRECTIONS - ""Back To Life"" by Warner Bros",1 month ago,31 seconds,"260,697 views"
11,Fantastic Beasts: The Secrets of Dumbledore – Official Trailer by Warner Bros,2 months ago,"2 minutes, 38 seconds","17,239,604 views"
12,Fantastic Beasts: The Secrets of Dumbledore – Official Trailer Monday by Warner Bros,2 months ago,"2 minutes, 18 seconds","2,500,954 views"
13,The Matrix Resurrections - The Game Awards Clip by Warner Bros,2 months ago,"1 minute, 11 seconds","1,126,229 views"
14,The Matrix Resurrections – Official Trailer 2 by Warner Bros,2 months ago,"2 minutes, 50 seconds","15,069,117 views"
15,The Matrix Resurrections – Déjà Vu by Warner Bros,2 months ago,"1 minute, 1 second","2,650,983 views"
16,DC LEAGUE OF SUPER-PETS – Official Trailer by Warner Bros,2 months ago,"2 minutes, 45 seconds","21,071,939 views"
17,King Richard – “American Dreams” by Warner Bros,3 months ago,"4 minutes, 51 seconds","59,773 views"
18,KING RICHARD – Venus & Serena Williams Set Visit by Warner Bros,3 months ago,"3 minutes, 45 seconds","305,158 views"
19,8-BIT CHRISTMAS – Official Trailer by Warner Bros,3 months ago,"2 minutes, 50 seconds","715,591 views"
20,Annabelle in Quarantine Part 2 by Warner Bros,3 months ago,"1 minute, 59 seconds","176,970 views"
21,"KING RICHARD – Official ""Be Alive"" Trailer by Warner Bros",3 months ago,"2 minutes, 47 seconds","4,468,806 views"
22,The Batman – TV Spot by Warner Bros,3 months ago,"1 minute, 1 second","953,881 views"
23,DC FanDome 2021 by Warner Bros,Streamed 3 months,"ago 3 hours, 46 minutes","809,585 views"
24,THE BATMAN – Main Trailer by Warner Bros,3 months ago,"2 minutes, 39 seconds","40,382,585 views"
25,DC FanDome | Talent Ensemble by Warner Bros,3 months ago,45 seconds,"60,020 views"
26,The Matrix | Legacy Featurette by Warner Bros,4 months ago,"4 minutes, 10 seconds","200,916 views"
27,DUNE – FINAL TRAILER by Warner Bros,4 months ago,"2 minutes, 29 seconds","4,122,979 views"
28,DC FanDome | Teaser Trailer 2 by Warner Bros,4 months ago,"1 minute, 1 second","323,244 views"
29,DC FanDome | Talent and Host Announce by Warner Bros,4 months ago,36 seconds,"41,159 views"
0,Dune - Designing the Sandworm by Warner Bros,2 days ago,"5 minutes, 39 seconds","34,617 views"
1,DC - The World Needs Heroes by Warner Bros,3 days ago,"1 minute, 1 second","733,231 views"
2,Friendship After The Fallout | The Fallout | HBO Max by Warner Bros,13 days ago,"2 minutes, 20 seconds","50,832 views"
3,The Batman – Funeral Scene – In Theaters March 4 by Warner Bros,2 weeks ago,"2 minutes, 52 seconds","11,449,274 views"
4,The Voice Behind The Fallout | The Fallout | HBO Max by Warner Bros,2 weeks ago,"1 minute, 33 seconds","36,587 views"
5,The Fallout | Official Trailer | Watch on HBO Max January 27 by Warner Bros,3 weeks ago,"2 minutes, 44 seconds","344,283 views"
6,KIMI - Official Trailer | Watch on HBO Max 2/10 by Warner Bros,1 month ago,"2 minutes, 25 seconds","315,264 views"
7,THE BATMAN - The Bat and The Cat Trailer by Warner Bros,1 month ago,"2 minutes, 47 seconds","25,206,585 views"
8,The Matrix Resurrections – U,,,S
9,The Matrix Resurrections – U,,,S
10,"THE MATRIX RESURRECTIONS - ""Back To Life"" by Warner Bros",1 month ago,31 seconds,"260,697 views"
11,Fantastic Beasts: The Secrets of Dumbledore – Official Trailer by Warner Bros,2 months ago,"2 minutes, 38 seconds","17,239,604 views"
12,Fantastic Beasts: The Secrets of Dumbledore – Official Trailer Monday by Warner Bros,2 months ago,"2 minutes, 18 seconds","2,500,954 views"
13,The Matrix Resurrections - The Game Awards Clip by Warner Bros,2 months ago,"1 minute, 11 seconds","1,126,229 views"
14,The Matrix Resurrections – Official Trailer 2 by Warner Bros,2 months ago,"2 minutes, 50 seconds","15,069,117 views"
15,The Matrix Resurrections – Déjà Vu by Warner Bros,2 months ago,"1 minute, 1 second","2,650,983 views"
16,DC LEAGUE OF SUPER-PETS – Official Trailer by Warner Bros,2 months ago,"2 minutes, 45 seconds","21,071,939 views"
17,King Richard – “American Dreams” by Warner Bros,3 months ago,"4 minutes, 51 seconds","59,773 views"
18,KING RICHARD – Venus & Serena Williams Set Visit by Warner Bros,3 months ago,"3 minutes, 45 seconds","305,158 views"
19,8-BIT CHRISTMAS – Official Trailer by Warner Bros,3 months ago,"2 minutes, 50 seconds","715,591 views"
20,Annabelle in Quarantine Part 2 by Warner Bros,3 months ago,"1 minute, 59 seconds","176,970 views"
21,"KING RICHARD – Official ""Be Alive"" Trailer by Warner Bros",3 months ago,"2 minutes, 47 seconds","4,468,806 views"
22,The Batman – TV Spot by Warner Bros,3 months ago,"1 minute, 1 second","953,881 views"
23,DC FanDome 2021 by Warner Bros,Streamed 3 months,"ago 3 hours, 46 minutes","809,585 views"
24,THE BATMAN – Main Trailer by Warner Bros,3 months ago,"2 minutes, 39 seconds","40,382,585 views"
25,DC FanDome | Talent Ensemble by Warner Bros,3 months ago,45 seconds,"60,020 views"
26,The Matrix | Legacy Featurette by Warner Bros,4 months ago,"4 minutes, 10 seconds","200,916 views"
27,DUNE – FINAL TRAILER by Warner Bros,4 months ago,"2 minutes, 29 seconds","4,122,979 views"
28,DC FanDome | Teaser Trailer 2 by Warner Bros,4 months ago,"1 minute, 1 second","323,244 views"
29,DC FanDome | Talent and Host Announce by Warner Bros,4 months ago,36 seconds,"41,159 views"
0,Dune - Designing the Sandworm by Warner Bros,2 days ago,"5 minutes, 39 seconds","34,617 views"
1,DC - The World Needs Heroes by Warner Bros,3 days ago,"1 minute, 1 second","733,231 views"
2,Friendship After The Fallout | The Fallout | HBO Max by Warner Bros,13 days ago,"2 minutes, 20 seconds","50,832 views"
3,The Batman – Funeral Scene – In Theaters March 4 by Warner Bros,2 weeks ago,"2 minutes, 52 seconds","11,449,274 views"
4,The Voice Behind The Fallout | The Fallout | HBO Max by Warner Bros,2 weeks ago,"1 minute, 33 seconds","36,587 views"
5,The Fallout | Official Trailer | Watch on HBO Max January 27 by Warner Bros,3 weeks ago,"2 minutes, 44 seconds","344,283 views"
6,KIMI - Official Trailer | Watch on HBO Max 2/10 by Warner Bros,1 month ago,"2 minutes, 25 seconds","315,264 views"
7,THE BATMAN - The Bat and The Cat Trailer by Warner Bros,1 month ago,"2 minutes, 47 seconds","25,206,585 views"
8,The Matrix Resurrections – U,,,S
9,The Matrix Resurrections – U,,,S
10,"THE MATRIX RESURRECTIONS - ""Back To Life"" by Warner Bros",1 month ago,31 seconds,"260,697 views"
11,Fantastic Beasts: The Secrets of Dumbledore – Official Trailer by Warner Bros,2 months ago,"2 minutes, 38 seconds","17,239,604 views"
12,Fantastic Beasts: The Secrets of Dumbledore – Official Trailer Monday by Warner Bros,2 months ago,"2 minutes, 18 seconds","2,500,954 views"
13,The Matrix Resurrections - The Game Awards Clip by Warner Bros,2 months ago,"1 minute, 11 seconds","1,126,229 views"
14,The Matrix Resurrections – Official Trailer 2 by Warner Bros,2 months ago,"2 minutes, 50 seconds","15,069,117 views"
15,The Matrix Resurrections – Déjà Vu by Warner Bros,2 months ago,"1 minute, 1 second","2,650,983 views"
16,DC LEAGUE OF SUPER-PETS – Official Trailer by Warner Bros,2 months ago,"2 minutes, 45 seconds","21,071,939 views"
17,King Richard – “American Dreams” by Warner Bros,3 months ago,"4 minutes, 51 seconds","59,773 views"
18,KING RICHARD – Venus & Serena Williams Set Visit by Warner Bros,3 months ago,"3 minutes, 45 seconds","305,158 views"
19,8-BIT CHRISTMAS – Official Trailer by Warner Bros,3 months ago,"2 minutes, 50 seconds","715,591 views"
20,Annabelle in Quarantine Part 2 by Warner Bros,3 months ago,"1 minute, 59 seconds","176,970 views"
21,"KING RICHARD – Official ""Be Alive"" Trailer by Warner Bros",3 months ago,"2 minutes, 47 seconds","4,468,806 views"
22,The Batman – TV Spot by Warner Bros,3 months ago,"1 minute, 1 second","953,881 views"
23,DC FanDome 2021 by Warner Bros,Streamed 3 months,"ago 3 hours, 46 minutes","809,585 views"
24,THE BATMAN – Main Trailer by Warner Bros,3 months ago,"2 minutes, 39 seconds","40,382,585 views"
25,DC FanDome | Talent Ensemble by Warner Bros,3 months ago,45 seconds,"60,020 views"
26,The Matrix | Legacy Featurette by Warner Bros,4 months ago,"4 minutes, 10 seconds","200,916 views"
27,DUNE – FINAL TRAILER by Warner Bros,4 months ago,"2 minutes, 29 seconds","4,122,979 views"
28,DC FanDome | Teaser Trailer 2 by Warner Bros,4 months ago,"1 minute, 1 second","323,244 views"
29,DC FanDome | Talent and Host Announce by Warner Bros,4 months ago,36 seconds,"41,159 views"
